{
  "metaVersion": 2,
  "host": "cataclysm.systems",
  "exportedAt": "2024-03-11T23:43:16.153Z",
  "emojis": [
    {
      "downloaded": true,
      "fileName": "celeste_hearts_abrosexual.gif",
      "emoji": {
        "name": "celeste_hearts_abrosexual",
        "category": "celeste_hearts",
        "aliases": [
          "ch_abrosexual"
        ]
      }
    },
    {
      "downloaded": true,
      "fileName": "celeste_hearts_aceflux.gif",
      "emoji": {
        "name": "celeste_hearts_aceflux",
        "category": "celeste_hearts",
        "aliases": [
          "ch_aceflux"
        ]
      }
    },
    {
      "downloaded": true,
      "fileName": "celeste_hearts_achillean.gif",
      "emoji": {
        "name": "celeste_hearts_achillean",
        "category": "celeste_hearts",
        "aliases": [
          "ch_achillean"
        ]
      }
    },
    {
      "downloaded": true,
      "fileName": "celeste_hearts_adhd.gif",
      "emoji": {
        "name": "celeste_hearts_adhd",
        "category": "celeste_hearts",
        "aliases": [
          "ch_adhd"
        ]
      }
    },
    {
      "downloaded": true,
      "fileName": "celeste_hearts_aegoplatonic.gif",
      "emoji": {
        "name": "celeste_hearts_aegoplatonic",
        "category": "celeste_hearts",
        "aliases": [
          "ch_aegoplatonic"
        ]
      }
    },
    {
      "downloaded": true,
      "fileName": "celeste_hearts_aegoromantic.gif",
      "emoji": {
        "name": "celeste_hearts_aegoromantic",
        "category": "celeste_hearts",
        "aliases": [
          "ch_aegoromantic"
        ]
      }
    },
    {
      "downloaded": true,
      "fileName": "celeste_hearts_aegosexual.gif",
      "emoji": {
        "name": "celeste_hearts_aegosexual",
        "category": "celeste_hearts",
        "aliases": [
          "ch_aegosexual"
        ]
      }
    },
    {
      "downloaded": true,
      "fileName": "celeste_hearts_agender.gif",
      "emoji": {
        "name": "celeste_hearts_agender",
        "category": "celeste_hearts",
        "aliases": [
          "ch_agender"
        ]
      }
    },
    {
      "downloaded": true,
      "fileName": "celeste_hearts_alloromantic_asexual.gif",
      "emoji": {
        "name": "celeste_hearts_alloromantic_asexual",
        "category": "celeste_hearts",
        "aliases": [
          "ch_alloromantic_asexual"
        ]
      }
    },
    {
      "downloaded": true,
      "fileName": "celeste_hearts_alpine.gif",
      "emoji": {
        "name": "celeste_hearts_alpine",
        "category": "celeste_hearts",
        "aliases": [
          "ch_alpine"
        ]
      }
    },
    {
      "downloaded": true,
      "fileName": "celeste_hearts_alterhuman.gif",
      "emoji": {
        "name": "celeste_hearts_alterhuman",
        "category": "celeste_hearts",
        "aliases": [
          "ch_alterhuman"
        ]
      }
    },
    {
      "downloaded": true,
      "fileName": "celeste_hearts_ambiamorous.gif",
      "emoji": {
        "name": "celeste_hearts_ambiamorous",
        "category": "celeste_hearts",
        "aliases": [
          "ch_ambiamorous"
        ]
      }
    },
    {
      "downloaded": true,
      "fileName": "celeste_hearts_ambonec.gif",
      "emoji": {
        "name": "celeste_hearts_ambonec",
        "category": "celeste_hearts",
        "aliases": [
          "ch_ambonec"
        ]
      }
    },
    {
      "downloaded": true,
      "fileName": "celeste_hearts_amogus_red.gif",
      "emoji": {
        "name": "celeste_hearts_amogus_red",
        "category": "celeste_hearts",
        "aliases": [
          "ch_amogus_red"
        ]
      }
    },
    {
      "downloaded": true,
      "fileName": "celeste_hearts_androgyne.gif",
      "emoji": {
        "name": "celeste_hearts_androgyne",
        "category": "celeste_hearts",
        "aliases": [
          "ch_androgyne"
        ]
      }
    },
    {
      "downloaded": true,
      "fileName": "celeste_hearts_aplatonic.gif",
      "emoji": {
        "name": "celeste_hearts_aplatonic",
        "category": "celeste_hearts",
        "aliases": [
          "ch_aplatonic"
        ]
      }
    },
    {
      "downloaded": true,
      "fileName": "celeste_hearts_aplflux.gif",
      "emoji": {
        "name": "celeste_hearts_aplflux",
        "category": "celeste_hearts",
        "aliases": [
          "ch_aplflux"
        ]
      }
    },
    {
      "downloaded": true,
      "fileName": "celeste_hearts_arch.gif",
      "emoji": {
        "name": "celeste_hearts_arch",
        "category": "celeste_hearts",
        "aliases": [
          "ch_arch"
        ]
      }
    },
    {
      "downloaded": true,
      "fileName": "celeste_hearts_aroace.gif",
      "emoji": {
        "name": "celeste_hearts_aroace",
        "category": "celeste_hearts",
        "aliases": [
          "ch_aroace"
        ]
      }
    },
    {
      "downloaded": true,
      "fileName": "celeste_hearts_aroaceflux.gif",
      "emoji": {
        "name": "celeste_hearts_aroaceflux",
        "category": "celeste_hearts",
        "aliases": [
          "ch_aroaceflux"
        ]
      }
    },
    {
      "downloaded": true,
      "fileName": "celeste_hearts_aroflux.gif",
      "emoji": {
        "name": "celeste_hearts_aroflux",
        "category": "celeste_hearts",
        "aliases": [
          "ch_aroflux"
        ]
      }
    },
    {
      "downloaded": true,
      "fileName": "celeste_hearts_aromantic_allosexual.gif",
      "emoji": {
        "name": "celeste_hearts_aromantic_allosexual",
        "category": "celeste_hearts",
        "aliases": [
          "ch_aromantic_allosexual"
        ]
      }
    },
    {
      "downloaded": true,
      "fileName": "celeste_hearts_aromantic.gif",
      "emoji": {
        "name": "celeste_hearts_aromantic",
        "category": "celeste_hearts",
        "aliases": [
          "ch_aromantic"
        ]
      }
    },
    {
      "downloaded": true,
      "fileName": "celeste_hearts_artix.gif",
      "emoji": {
        "name": "celeste_hearts_artix",
        "category": "celeste_hearts",
        "aliases": [
          "ch_artix"
        ]
      }
    },
    {
      "downloaded": true,
      "fileName": "celeste_hearts_asexual.gif",
      "emoji": {
        "name": "celeste_hearts_asexual",
        "category": "celeste_hearts",
        "aliases": [
          "ch_asexual"
        ]
      }
    },
    {
      "downloaded": true,
      "fileName": "celeste_hearts_autigender.gif",
      "emoji": {
        "name": "celeste_hearts_autigender",
        "category": "celeste_hearts",
        "aliases": [
          "ch_autigender"
        ]
      }
    },
    {
      "downloaded": true,
      "fileName": "celeste_hearts_autism.gif",
      "emoji": {
        "name": "celeste_hearts_autism",
        "category": "celeste_hearts",
        "aliases": [
          "ch_autism"
        ]
      }
    },
    {
      "downloaded": true,
      "fileName": "celeste_hearts_autoplatonic.gif",
      "emoji": {
        "name": "celeste_hearts_autoplatonic",
        "category": "celeste_hearts",
        "aliases": [
          "ch_autoplatonic"
        ]
      }
    },
    {
      "downloaded": true,
      "fileName": "celeste_hearts_autoromantic.gif",
      "emoji": {
        "name": "celeste_hearts_autoromantic",
        "category": "celeste_hearts",
        "aliases": [
          "ch_autoromantic"
        ]
      }
    },
    {
      "downloaded": true,
      "fileName": "celeste_hearts_autosexual.gif",
      "emoji": {
        "name": "celeste_hearts_autosexual",
        "category": "celeste_hearts",
        "aliases": [
          "ch_autosexual"
        ]
      }
    },
    {
      "downloaded": true,
      "fileName": "celeste_hearts_azur_rose.gif",
      "emoji": {
        "name": "celeste_hearts_azur_rose",
        "category": "celeste_hearts",
        "aliases": [
          "ch_azur_rose"
        ]
      }
    },
    {
      "downloaded": true,
      "fileName": "celeste_hearts_azurgirl.gif",
      "emoji": {
        "name": "celeste_hearts_azurgirl",
        "category": "celeste_hearts",
        "aliases": [
          "ch_azurgirl"
        ]
      }
    },
    {
      "downloaded": true,
      "fileName": "celeste_hearts_bear.gif",
      "emoji": {
        "name": "celeste_hearts_bear",
        "category": "celeste_hearts",
        "aliases": [
          "ch_bear"
        ]
      }
    },
    {
      "downloaded": true,
      "fileName": "celeste_hearts_bigender.gif",
      "emoji": {
        "name": "celeste_hearts_bigender",
        "category": "celeste_hearts",
        "aliases": [
          "ch_bigender"
        ]
      }
    },
    {
      "downloaded": true,
      "fileName": "celeste_hearts_bipoc.gif",
      "emoji": {
        "name": "celeste_hearts_bipoc",
        "category": "celeste_hearts",
        "aliases": [
          "ch_bipoc"
        ]
      }
    },
    {
      "downloaded": true,
      "fileName": "celeste_hearts_bipolar.gif",
      "emoji": {
        "name": "celeste_hearts_bipolar",
        "category": "celeste_hearts",
        "aliases": [
          "ch_bipolar"
        ]
      }
    },
    {
      "downloaded": true,
      "fileName": "celeste_hearts_bisexual.gif",
      "emoji": {
        "name": "celeste_hearts_bisexual",
        "category": "celeste_hearts",
        "aliases": [
          "ch_bisexual"
        ]
      }
    },
    {
      "downloaded": true,
      "fileName": "celeste_hearts_black_trans.gif",
      "emoji": {
        "name": "celeste_hearts_black_trans",
        "category": "celeste_hearts",
        "aliases": [
          "ch_black_trans"
        ]
      }
    },
    {
      "downloaded": true,
      "fileName": "celeste_hearts_boygirl.gif",
      "emoji": {
        "name": "celeste_hearts_boygirl",
        "category": "celeste_hearts",
        "aliases": [
          "ch_boygirl"
        ]
      }
    },
    {
      "downloaded": true,
      "fileName": "celeste_hearts_boykisser.gif",
      "emoji": {
        "name": "celeste_hearts_boykisser",
        "category": "celeste_hearts",
        "aliases": [
          "ch_boykisser"
        ]
      }
    },
    {
      "downloaded": true,
      "fileName": "celeste_hearts_boything.gif",
      "emoji": {
        "name": "celeste_hearts_boything",
        "category": "celeste_hearts",
        "aliases": [
          "ch_boything"
        ]
      }
    },
    {
      "downloaded": true,
      "fileName": "celeste_hearts_bpd.gif",
      "emoji": {
        "name": "celeste_hearts_bpd",
        "category": "celeste_hearts",
        "aliases": [
          "ch_bpd"
        ]
      }
    },
    {
      "downloaded": true,
      "fileName": "celeste_hearts_c_ptsd.gif",
      "emoji": {
        "name": "celeste_hearts_c_ptsd",
        "category": "celeste_hearts",
        "aliases": [
          "ch_c_ptsd"
        ]
      }
    },
    {
      "downloaded": true,
      "fileName": "celeste_hearts_catgender.gif",
      "emoji": {
        "name": "celeste_hearts_catgender",
        "category": "celeste_hearts",
        "aliases": [
          "ch_catgender"
        ]
      }
    },
    {
      "downloaded": true,
      "fileName": "celeste_hearts_debian.gif",
      "emoji": {
        "name": "celeste_hearts_debian",
        "category": "celeste_hearts",
        "aliases": [
          "ch_debian"
        ]
      }
    },
    {
      "downloaded": true,
      "fileName": "celeste_hearts_demiboy.gif",
      "emoji": {
        "name": "celeste_hearts_demiboy",
        "category": "celeste_hearts",
        "aliases": [
          "ch_demiboy"
        ]
      }
    },
    {
      "downloaded": true,
      "fileName": "celeste_hearts_demiflux.gif",
      "emoji": {
        "name": "celeste_hearts_demiflux",
        "category": "celeste_hearts",
        "aliases": [
          "ch_demiflux"
        ]
      }
    },
    {
      "downloaded": true,
      "fileName": "celeste_hearts_demigirl.gif",
      "emoji": {
        "name": "celeste_hearts_demigirl",
        "category": "celeste_hearts",
        "aliases": [
          "ch_demigirl"
        ]
      }
    },
    {
      "downloaded": true,
      "fileName": "celeste_hearts_deminonbinary.gif",
      "emoji": {
        "name": "celeste_hearts_deminonbinary",
        "category": "celeste_hearts",
        "aliases": [
          "ch_deminonbinary"
        ]
      }
    },
    {
      "downloaded": true,
      "fileName": "celeste_hearts_demiplatonic.gif",
      "emoji": {
        "name": "celeste_hearts_demiplatonic",
        "category": "celeste_hearts",
        "aliases": [
          "ch_demiplatonic"
        ]
      }
    },
    {
      "downloaded": true,
      "fileName": "celeste_hearts_demiromantic.gif",
      "emoji": {
        "name": "celeste_hearts_demiromantic",
        "category": "celeste_hearts",
        "aliases": [
          "ch_demiromantic"
        ]
      }
    },
    {
      "downloaded": true,
      "fileName": "celeste_hearts_demisexual_lesbian.gif",
      "emoji": {
        "name": "celeste_hearts_demisexual_lesbian",
        "category": "celeste_hearts",
        "aliases": [
          "ch_demisexual_lesbian"
        ]
      }
    },
    {
      "downloaded": true,
      "fileName": "celeste_hearts_demisexual.gif",
      "emoji": {
        "name": "celeste_hearts_demisexual",
        "category": "celeste_hearts",
        "aliases": [
          "ch_demisexual"
        ]
      }
    },
    {
      "downloaded": true,
      "fileName": "celeste_hearts_diamoric.gif",
      "emoji": {
        "name": "celeste_hearts_diamoric",
        "category": "celeste_hearts",
        "aliases": [
          "ch_diamoric"
        ]
      }
    },
    {
      "downloaded": true,
      "fileName": "celeste_hearts_disability_pride.gif",
      "emoji": {
        "name": "celeste_hearts_disability_pride",
        "category": "celeste_hearts",
        "aliases": [
          "ch_disability_pride"
        ]
      }
    },
    {
      "downloaded": true,
      "fileName": "celeste_hearts_dollgender.gif",
      "emoji": {
        "name": "celeste_hearts_dollgender",
        "category": "celeste_hearts",
        "aliases": [
          "ch_dollgender"
        ]
      }
    },
    {
      "downloaded": true,
      "fileName": "celeste_hearts_dollkin.gif",
      "emoji": {
        "name": "celeste_hearts_dollkin",
        "category": "celeste_hearts",
        "aliases": [
          "ch_dollkin"
        ]
      }
    },
    {
      "downloaded": true,
      "fileName": "celeste_hearts_empty_system.gif",
      "emoji": {
        "name": "celeste_hearts_empty_system",
        "category": "celeste_hearts",
        "aliases": [
          "ch_empty_system"
        ]
      }
    },
    {
      "downloaded": true,
      "fileName": "celeste_hearts_enbian.gif",
      "emoji": {
        "name": "celeste_hearts_enbian",
        "category": "celeste_hearts",
        "aliases": [
          "ch_enbian"
        ]
      }
    },
    {
      "downloaded": true,
      "fileName": "celeste_hearts_endogenic.gif",
      "emoji": {
        "name": "celeste_hearts_endogenic",
        "category": "celeste_hearts",
        "aliases": [
          "ch_endogenic"
        ]
      }
    },
    {
      "downloaded": true,
      "fileName": "celeste_hearts_extranth.gif",
      "emoji": {
        "name": "celeste_hearts_extranth",
        "category": "celeste_hearts",
        "aliases": [
          "ch_extranth"
        ]
      }
    },
    {
      "downloaded": true,
      "fileName": "celeste_hearts_factive.gif",
      "emoji": {
        "name": "celeste_hearts_factive",
        "category": "celeste_hearts",
        "aliases": [
          "ch_factive"
        ]
      }
    },
    {
      "downloaded": true,
      "fileName": "celeste_hearts_fedora.gif",
      "emoji": {
        "name": "celeste_hearts_fedora",
        "category": "celeste_hearts",
        "aliases": [
          "ch_fedora"
        ]
      }
    },
    {
      "downloaded": true,
      "fileName": "celeste_hearts_femboy.gif",
      "emoji": {
        "name": "celeste_hearts_femboy",
        "category": "celeste_hearts",
        "aliases": [
          "ch_femboy"
        ]
      }
    },
    {
      "downloaded": true,
      "fileName": "celeste_hearts_femminiello.gif",
      "emoji": {
        "name": "celeste_hearts_femminiello",
        "category": "celeste_hearts",
        "aliases": [
          "ch_femminiello"
        ]
      }
    },
    {
      "downloaded": true,
      "fileName": "celeste_hearts_fictive.gif",
      "emoji": {
        "name": "celeste_hearts_fictive",
        "category": "celeste_hearts",
        "aliases": [
          "ch_fictive"
        ]
      }
    },
    {
      "downloaded": true,
      "fileName": "celeste_hearts_finsexual.gif",
      "emoji": {
        "name": "celeste_hearts_finsexual",
        "category": "celeste_hearts",
        "aliases": [
          "ch_finsexual"
        ]
      }
    },
    {
      "downloaded": true,
      "fileName": "celeste_hearts_freebsd.gif",
      "emoji": {
        "name": "celeste_hearts_freebsd",
        "category": "celeste_hearts",
        "aliases": [
          "ch_freebsd"
        ]
      }
    },
    {
      "downloaded": true,
      "fileName": "celeste_hearts_gender_questioning.gif",
      "emoji": {
        "name": "celeste_hearts_gender_questioning",
        "category": "celeste_hearts",
        "aliases": [
          "ch_gender_questioning"
        ]
      }
    },
    {
      "downloaded": true,
      "fileName": "celeste_hearts_genderfluid.gif",
      "emoji": {
        "name": "celeste_hearts_genderfluid",
        "category": "celeste_hearts",
        "aliases": [
          "ch_genderfluid"
        ]
      }
    },
    {
      "downloaded": true,
      "fileName": "celeste_hearts_genderflux.gif",
      "emoji": {
        "name": "celeste_hearts_genderflux",
        "category": "celeste_hearts",
        "aliases": [
          "ch_genderflux"
        ]
      }
    },
    {
      "downloaded": true,
      "fileName": "celeste_hearts_genderqueer.gif",
      "emoji": {
        "name": "celeste_hearts_genderqueer",
        "category": "celeste_hearts",
        "aliases": [
          "ch_genderqueer"
        ]
      }
    },
    {
      "downloaded": true,
      "fileName": "celeste_hearts_gentoo.gif",
      "emoji": {
        "name": "celeste_hearts_gentoo",
        "category": "celeste_hearts",
        "aliases": [
          "ch_gentoo"
        ]
      }
    },
    {
      "downloaded": true,
      "fileName": "celeste_hearts_girlboy.gif",
      "emoji": {
        "name": "celeste_hearts_girlboy",
        "category": "celeste_hearts",
        "aliases": [
          "ch_girlboy"
        ]
      }
    },
    {
      "downloaded": true,
      "fileName": "celeste_hearts_girlthing.gif",
      "emoji": {
        "name": "celeste_hearts_girlthing",
        "category": "celeste_hearts",
        "aliases": [
          "ch_girlthing"
        ]
      }
    },
    {
      "downloaded": true,
      "fileName": "celeste_hearts_greyaroace.gif",
      "emoji": {
        "name": "celeste_hearts_greyaroace",
        "category": "celeste_hearts",
        "aliases": [
          "ch_greyaroace"
        ]
      }
    },
    {
      "downloaded": true,
      "fileName": "celeste_hearts_greyplatonic.gif",
      "emoji": {
        "name": "celeste_hearts_greyplatonic",
        "category": "celeste_hearts",
        "aliases": [
          "ch_greyplatonic"
        ]
      }
    },
    {
      "downloaded": true,
      "fileName": "celeste_hearts_greyromantic.gif",
      "emoji": {
        "name": "celeste_hearts_greyromantic",
        "category": "celeste_hearts",
        "aliases": [
          "ch_greyromantic"
        ]
      }
    },
    {
      "downloaded": true,
      "fileName": "celeste_hearts_greysexual.gif",
      "emoji": {
        "name": "celeste_hearts_greysexual",
        "category": "celeste_hearts",
        "aliases": [
          "ch_greysexual"
        ]
      }
    },
    {
      "downloaded": true,
      "fileName": "celeste_hearts_heteroflexible.gif",
      "emoji": {
        "name": "celeste_hearts_heteroflexible",
        "category": "celeste_hearts",
        "aliases": [
          "ch_heteroflexible"
        ]
      }
    },
    {
      "downloaded": true,
      "fileName": "celeste_hearts_homoflexible.gif",
      "emoji": {
        "name": "celeste_hearts_homoflexible",
        "category": "celeste_hearts",
        "aliases": [
          "ch_homoflexible"
        ]
      }
    },
    {
      "downloaded": true,
      "fileName": "celeste_hearts_human_non_conforming.gif",
      "emoji": {
        "name": "celeste_hearts_human_non_conforming",
        "category": "celeste_hearts",
        "aliases": [
          "ch_human_non_conforming"
        ]
      }
    },
    {
      "downloaded": true,
      "fileName": "celeste_hearts_intersex.gif",
      "emoji": {
        "name": "celeste_hearts_intersex",
        "category": "celeste_hearts",
        "aliases": [
          "ch_intersex"
        ]
      }
    },
    {
      "downloaded": true,
      "fileName": "celeste_hearts_lesbian.gif",
      "emoji": {
        "name": "celeste_hearts_lesbian",
        "category": "celeste_hearts",
        "aliases": [
          "ch_lesbian"
        ]
      }
    },
    {
      "downloaded": true,
      "fileName": "celeste_hearts_median.gif",
      "emoji": {
        "name": "celeste_hearts_median",
        "category": "celeste_hearts",
        "aliases": [
          "ch_median"
        ]
      }
    },
    {
      "downloaded": true,
      "fileName": "celeste_hearts_minsexual.gif",
      "emoji": {
        "name": "celeste_hearts_minsexual",
        "category": "celeste_hearts",
        "aliases": [
          "ch_minsexual"
        ]
      }
    },
    {
      "downloaded": true,
      "fileName": "celeste_hearts_mint.gif",
      "emoji": {
        "name": "celeste_hearts_mint",
        "category": "celeste_hearts",
        "aliases": [
          "ch_mint"
        ]
      }
    },
    {
      "downloaded": true,
      "fileName": "celeste_hearts_mlm.gif",
      "emoji": {
        "name": "celeste_hearts_mlm",
        "category": "celeste_hearts",
        "aliases": [
          "ch_mlm",
          "celeste_hearts_gay",
          "ch_gay"
        ]
      }
    },
    {
      "downloaded": true,
      "fileName": "celeste_hearts_multisexual.gif",
      "emoji": {
        "name": "celeste_hearts_multisexual",
        "category": "celeste_hearts",
        "aliases": [
          "ch_multisexual"
        ]
      }
    },
    {
      "downloaded": true,
      "fileName": "celeste_hearts_nebularomantic.gif",
      "emoji": {
        "name": "celeste_hearts_nebularomantic",
        "category": "celeste_hearts",
        "aliases": [
          "ch_nebularomantic"
        ]
      }
    },
    {
      "downloaded": true,
      "fileName": "celeste_hearts_neopronouns.gif",
      "emoji": {
        "name": "celeste_hearts_neopronouns",
        "category": "celeste_hearts",
        "aliases": [
          "ch_neopronouns"
        ]
      }
    },
    {
      "downloaded": true,
      "fileName": "celeste_hearts_neurogender.gif",
      "emoji": {
        "name": "celeste_hearts_neurogender",
        "category": "celeste_hearts",
        "aliases": [
          "ch_neurogender"
        ]
      }
    },
    {
      "downloaded": true,
      "fileName": "celeste_hearts_neutrois.gif",
      "emoji": {
        "name": "celeste_hearts_neutrois",
        "category": "celeste_hearts",
        "aliases": [
          "ch_neutrois"
        ]
      }
    },
    {
      "downloaded": true,
      "fileName": "celeste_hearts_ninsexual.gif",
      "emoji": {
        "name": "celeste_hearts_ninsexual",
        "category": "celeste_hearts",
        "aliases": [
          "ch_ninsexual"
        ]
      }
    },
    {
      "downloaded": true,
      "fileName": "celeste_hearts_nixos.gif",
      "emoji": {
        "name": "celeste_hearts_nixos",
        "category": "celeste_hearts",
        "aliases": [
          "ch_nixos"
        ]
      }
    },
    {
      "downloaded": true,
      "fileName": "celeste_hearts_non_binary.gif",
      "emoji": {
        "name": "celeste_hearts_non_binary",
        "category": "celeste_hearts",
        "aliases": [
          "ch_non_binary",
          "celeste_hearts_nonbinary",
          "celeste_hearts_enby",
          "ch_nonbinary",
          "ch_enby"
        ]
      }
    },
    {
      "downloaded": true,
      "fileName": "celeste_hearts_nonbinarything.gif",
      "emoji": {
        "name": "celeste_hearts_nonbinarything",
        "category": "celeste_hearts",
        "aliases": [
          "ch_nonbinarything"
        ]
      }
    },
    {
      "downloaded": true,
      "fileName": "celeste_hearts_ocd.gif",
      "emoji": {
        "name": "celeste_hearts_ocd",
        "category": "celeste_hearts",
        "aliases": [
          "ch_ocd"
        ]
      }
    },
    {
      "downloaded": true,
      "fileName": "celeste_hearts_og_pride.gif",
      "emoji": {
        "name": "celeste_hearts_og_pride",
        "category": "celeste_hearts",
        "aliases": [
          "ch_og_pride"
        ]
      }
    },
    {
      "downloaded": true,
      "fileName": "celeste_hearts_omnisexual.gif",
      "emoji": {
        "name": "celeste_hearts_omnisexual",
        "category": "celeste_hearts",
        "aliases": [
          "ch_omnisexual"
        ]
      }
    },
    {
      "downloaded": true,
      "fileName": "celeste_hearts_otherkin.gif",
      "emoji": {
        "name": "celeste_hearts_otherkin",
        "category": "celeste_hearts",
        "aliases": [
          "ch_otherkin"
        ]
      }
    },
    {
      "downloaded": true,
      "fileName": "celeste_hearts_pangender.gif",
      "emoji": {
        "name": "celeste_hearts_pangender",
        "category": "celeste_hearts",
        "aliases": [
          "ch_pangender"
        ]
      }
    },
    {
      "downloaded": true,
      "fileName": "celeste_hearts_pansexual.gif",
      "emoji": {
        "name": "celeste_hearts_pansexual",
        "category": "celeste_hearts",
        "aliases": [
          "ch_pansexual"
        ]
      }
    },
    {
      "downloaded": true,
      "fileName": "celeste_hearts_plural.gif",
      "emoji": {
        "name": "celeste_hearts_plural",
        "category": "celeste_hearts",
        "aliases": [
          "ch_plural"
        ]
      }
    },
    {
      "downloaded": true,
      "fileName": "celeste_hearts_polyamorous.gif",
      "emoji": {
        "name": "celeste_hearts_polyamorous",
        "category": "celeste_hearts",
        "aliases": [
          "ch_polyamorous"
        ]
      }
    },
    {
      "downloaded": true,
      "fileName": "celeste_hearts_polyfragmented.gif",
      "emoji": {
        "name": "celeste_hearts_polyfragmented",
        "category": "celeste_hearts",
        "aliases": [
          "ch_polyfragmented"
        ]
      }
    },
    {
      "downloaded": true,
      "fileName": "celeste_hearts_polysexual.gif",
      "emoji": {
        "name": "celeste_hearts_polysexual",
        "category": "celeste_hearts",
        "aliases": [
          "ch_polysexual"
        ]
      }
    },
    {
      "downloaded": true,
      "fileName": "celeste_hearts_progress_pride.gif",
      "emoji": {
        "name": "celeste_hearts_progress_pride",
        "category": "celeste_hearts",
        "aliases": [
          "ch_progress_pride"
        ]
      }
    },
    {
      "downloaded": true,
      "fileName": "celeste_hearts_ptsd.gif",
      "emoji": {
        "name": "celeste_hearts_ptsd",
        "category": "celeste_hearts",
        "aliases": [
          "ch_ptsd"
        ]
      }
    },
    {
      "downloaded": true,
      "fileName": "celeste_hearts_queer.gif",
      "emoji": {
        "name": "celeste_hearts_queer",
        "category": "celeste_hearts",
        "aliases": [
          "ch_queer"
        ]
      }
    },
    {
      "downloaded": true,
      "fileName": "celeste_hearts_queerplatonic.gif",
      "emoji": {
        "name": "celeste_hearts_queerplatonic",
        "category": "celeste_hearts",
        "aliases": [
          "ch_queerplatonic"
        ]
      }
    },
    {
      "downloaded": true,
      "fileName": "celeste_hearts_robogender.gif",
      "emoji": {
        "name": "celeste_hearts_robogender",
        "category": "celeste_hearts",
        "aliases": [
          "ch_robogender"
        ]
      }
    },
    {
      "downloaded": true,
      "fileName": "celeste_hearts_rosboy.gif",
      "emoji": {
        "name": "celeste_hearts_rosboy",
        "category": "celeste_hearts",
        "aliases": [
          "ch_rosboy"
        ]
      }
    },
    {
      "downloaded": true,
      "fileName": "celeste_hearts_salmacian.gif",
      "emoji": {
        "name": "celeste_hearts_salmacian",
        "category": "celeste_hearts",
        "aliases": [
          "ch_salmacian"
        ]
      }
    },
    {
      "downloaded": true,
      "fileName": "celeste_hearts_sapphic.gif",
      "emoji": {
        "name": "celeste_hearts_sapphic",
        "category": "celeste_hearts",
        "aliases": [
          "ch_sapphic"
        ]
      }
    },
    {
      "downloaded": true,
      "fileName": "celeste_hearts_sappho_lesbian.gif",
      "emoji": {
        "name": "celeste_hearts_sappho_lesbian",
        "category": "celeste_hearts",
        "aliases": [
          "ch_sappho_lesbian"
        ]
      }
    },
    {
      "downloaded": true,
      "fileName": "celeste_hearts_sexuality_questioning.gif",
      "emoji": {
        "name": "celeste_hearts_sexuality_questioning",
        "category": "celeste_hearts",
        "aliases": [
          "ch_sexuality_questioning"
        ]
      }
    },
    {
      "downloaded": true,
      "fileName": "celeste_hearts_straight_ally.gif",
      "emoji": {
        "name": "celeste_hearts_straight_ally",
        "category": "celeste_hearts",
        "aliases": [
          "ch_straight_ally"
        ]
      }
    },
    {
      "downloaded": true,
      "fileName": "celeste_hearts_systemfluid.gif",
      "emoji": {
        "name": "celeste_hearts_systemfluid",
        "category": "celeste_hearts",
        "aliases": [
          "ch_systemfluid"
        ]
      }
    },
    {
      "downloaded": true,
      "fileName": "celeste_hearts_t4t.gif",
      "emoji": {
        "name": "celeste_hearts_t4t",
        "category": "celeste_hearts",
        "aliases": [
          "ch_t4t"
        ]
      }
    },
    {
      "downloaded": true,
      "fileName": "celeste_hearts_therian.gif",
      "emoji": {
        "name": "celeste_hearts_therian",
        "category": "celeste_hearts",
        "aliases": [
          "ch_therian"
        ]
      }
    },
    {
      "downloaded": true,
      "fileName": "celeste_hearts_tomboy.gif",
      "emoji": {
        "name": "celeste_hearts_tomboy",
        "category": "celeste_hearts",
        "aliases": [
          "ch_tomboy"
        ]
      }
    },
    {
      "downloaded": true,
      "fileName": "celeste_hearts_trans.gif",
      "emoji": {
        "name": "celeste_hearts_trans",
        "category": "celeste_hearts",
        "aliases": [
          "ch_trans"
        ]
      }
    },
    {
      "downloaded": true,
      "fileName": "celeste_hearts_transfem.gif",
      "emoji": {
        "name": "celeste_hearts_transfem",
        "category": "celeste_hearts",
        "aliases": [
          "ch_transfem"
        ]
      }
    },
    {
      "downloaded": true,
      "fileName": "celeste_hearts_transmasc.gif",
      "emoji": {
        "name": "celeste_hearts_transmasc",
        "category": "celeste_hearts",
        "aliases": [
          "ch_transmasc"
        ]
      }
    },
    {
      "downloaded": true,
      "fileName": "celeste_hearts_transneutral.gif",
      "emoji": {
        "name": "celeste_hearts_transneutral",
        "category": "celeste_hearts",
        "aliases": [
          "ch_transneutral"
        ]
      }
    },
    {
      "downloaded": true,
      "fileName": "celeste_hearts_traumagenic.gif",
      "emoji": {
        "name": "celeste_hearts_traumagenic",
        "category": "celeste_hearts",
        "aliases": [
          "ch_traumagenic"
        ]
      }
    },
    {
      "downloaded": true,
      "fileName": "celeste_hearts_twink.gif",
      "emoji": {
        "name": "celeste_hearts_twink",
        "category": "celeste_hearts",
        "aliases": [
          "ch_twink"
        ]
      }
    },
    {
      "downloaded": true,
      "fileName": "celeste_hearts_two_spirit.gif",
      "emoji": {
        "name": "celeste_hearts_two_spirit",
        "category": "celeste_hearts",
        "aliases": [
          "ch_two_spirit"
        ]
      }
    },
    {
      "downloaded": true,
      "fileName": "celeste_hearts_udd.gif",
      "emoji": {
        "name": "celeste_hearts_udd",
        "category": "celeste_hearts",
        "aliases": [
          "ch_udd"
        ]
      }
    },
    {
      "downloaded": true,
      "fileName": "celeste_hearts_unlabeled.gif",
      "emoji": {
        "name": "celeste_hearts_unlabeled",
        "category": "celeste_hearts",
        "aliases": [
          "ch_unlabeled"
        ]
      }
    },
    {
      "downloaded": true,
      "fileName": "celeste_hearts_void.gif",
      "emoji": {
        "name": "celeste_hearts_void",
        "category": "celeste_hearts",
        "aliases": [
          "ch_void"
        ]
      }
    },
    {
      "downloaded": true,
      "fileName": "celeste_hearts_voidpunk.gif",
      "emoji": {
        "name": "celeste_hearts_voidpunk",
        "category": "celeste_hearts",
        "aliases": [
          "ch_voidpunk"
        ]
      }
    },
    {
      "downloaded": true,
      "fileName": "celeste_hearts_xenogender.gif",
      "emoji": {
        "name": "celeste_hearts_xenogender",
        "category": "celeste_hearts",
        "aliases": [
          "ch_xenogender"
        ]
      }
    }
  ]
}