{
  "metaVersion": 2,
  "host": "cataclysm.systems",
  "exportedAt": "2025-01-24T23:30:56.788Z",
  "emojis": [
    {
      "downloaded": true,
      "fileName": "celeste_hearts_abrosexual.gif",
      "emoji": {
        "name": "celeste_hearts_abrosexual",
        "category": "celeste_hearts",
        "aliases": [
          "ch_abrosexual"
        ]
      }
    },
    {
      "downloaded": true,
      "fileName": "celeste_hearts_achillean.gif",
      "emoji": {
        "name": "celeste_hearts_achillean",
        "category": "celeste_hearts",
        "aliases": [
          "ch_achillean"
        ]
      }
    },
    {
      "downloaded": true,
      "fileName": "celeste_hearts_adhd.gif",
      "emoji": {
        "name": "celeste_hearts_adhd",
        "category": "celeste_hearts",
        "aliases": [
          "ch_adhd"
        ]
      }
    },
    {
      "downloaded": true,
      "fileName": "celeste_hearts_aegoromantic.gif",
      "emoji": {
        "name": "celeste_hearts_aegoromantic",
        "category": "celeste_hearts",
        "aliases": [
          "ch_aegoromantic"
        ]
      }
    },
    {
      "downloaded": true,
      "fileName": "celeste_hearts_aegosexual.gif",
      "emoji": {
        "name": "celeste_hearts_aegosexual",
        "category": "celeste_hearts",
        "aliases": [
          "ch_aegosexual"
        ]
      }
    },
    {
      "downloaded": true,
      "fileName": "celeste_hearts_agender.gif",
      "emoji": {
        "name": "celeste_hearts_agender",
        "category": "celeste_hearts",
        "aliases": [
          "ch_agender"
        ]
      }
    },
    {
      "downloaded": true,
      "fileName": "celeste_hearts_alpine.gif",
      "emoji": {
        "name": "celeste_hearts_alpine",
        "category": "celeste_hearts",
        "aliases": [
          "ch_alpine"
        ]
      }
    },
    {
      "downloaded": true,
      "fileName": "celeste_hearts_alterhuman.gif",
      "emoji": {
        "name": "celeste_hearts_alterhuman",
        "category": "celeste_hearts",
        "aliases": [
          "ch_alterhuman"
        ]
      }
    },
    {
      "downloaded": true,
      "fileName": "celeste_hearts_ambiamorous.gif",
      "emoji": {
        "name": "celeste_hearts_ambiamorous",
        "category": "celeste_hearts",
        "aliases": [
          "ch_ambiamorous"
        ]
      }
    },
    {
      "downloaded": true,
      "fileName": "celeste_hearts_anarcho_communism.gif",
      "emoji": {
        "name": "celeste_hearts_anarcho_communism",
        "category": "celeste_hearts",
        "aliases": [
          "ch_anarcho_communism"
        ]
      }
    },
    {
      "downloaded": true,
      "fileName": "celeste_hearts_anarcho_queer.gif",
      "emoji": {
        "name": "celeste_hearts_anarcho_queer",
        "category": "celeste_hearts",
        "aliases": [
          "ch_anarcho_queer"
        ]
      }
    },
    {
      "downloaded": true,
      "fileName": "celeste_hearts_androgyne.gif",
      "emoji": {
        "name": "celeste_hearts_androgyne",
        "category": "celeste_hearts",
        "aliases": [
          "ch_androgyne"
        ]
      }
    },
    {
      "downloaded": true,
      "fileName": "celeste_hearts_anxiety.gif",
      "emoji": {
        "name": "celeste_hearts_anxiety",
        "category": "celeste_hearts",
        "aliases": [
          "ch_anxiety"
        ]
      }
    },
    {
      "downloaded": true,
      "fileName": "celeste_hearts_aplatonic.gif",
      "emoji": {
        "name": "celeste_hearts_aplatonic",
        "category": "celeste_hearts",
        "aliases": [
          "ch_aplatonic"
        ]
      }
    },
    {
      "downloaded": true,
      "fileName": "celeste_hearts_arch.gif",
      "emoji": {
        "name": "celeste_hearts_arch",
        "category": "celeste_hearts",
        "aliases": [
          "ch_arch"
        ]
      }
    },
    {
      "downloaded": true,
      "fileName": "celeste_hearts_aroace.gif",
      "emoji": {
        "name": "celeste_hearts_aroace",
        "category": "celeste_hearts",
        "aliases": [
          "ch_aroace"
        ]
      }
    },
    {
      "downloaded": true,
      "fileName": "celeste_hearts_aromantic.gif",
      "emoji": {
        "name": "celeste_hearts_aromantic",
        "category": "celeste_hearts",
        "aliases": [
          "ch_aromantic"
        ]
      }
    },
    {
      "downloaded": true,
      "fileName": "celeste_hearts_artix.gif",
      "emoji": {
        "name": "celeste_hearts_artix",
        "category": "celeste_hearts",
        "aliases": [
          "ch_artix"
        ]
      }
    },
    {
      "downloaded": true,
      "fileName": "celeste_hearts_asexual.gif",
      "emoji": {
        "name": "celeste_hearts_asexual",
        "category": "celeste_hearts",
        "aliases": [
          "ch_asexual"
        ]
      }
    },
    {
      "downloaded": true,
      "fileName": "celeste_hearts_aspd.gif",
      "emoji": {
        "name": "celeste_hearts_aspd",
        "category": "celeste_hearts",
        "aliases": [
          "ch_aspd"
        ]
      }
    },
    {
      "downloaded": true,
      "fileName": "celeste_hearts_autigender.gif",
      "emoji": {
        "name": "celeste_hearts_autigender",
        "category": "celeste_hearts",
        "aliases": [
          "ch_autigender"
        ]
      }
    },
    {
      "downloaded": true,
      "fileName": "celeste_hearts_autism.gif",
      "emoji": {
        "name": "celeste_hearts_autism",
        "category": "celeste_hearts",
        "aliases": [
          "ch_autism"
        ]
      }
    },
    {
      "downloaded": true,
      "fileName": "celeste_hearts_bear.gif",
      "emoji": {
        "name": "celeste_hearts_bear",
        "category": "celeste_hearts",
        "aliases": [
          "ch_bear"
        ]
      }
    },
    {
      "downloaded": true,
      "fileName": "celeste_hearts_bigender.gif",
      "emoji": {
        "name": "celeste_hearts_bigender",
        "category": "celeste_hearts",
        "aliases": [
          "ch_bigender"
        ]
      }
    },
    {
      "downloaded": true,
      "fileName": "celeste_hearts_bipoc.gif",
      "emoji": {
        "name": "celeste_hearts_bipoc",
        "category": "celeste_hearts",
        "aliases": [
          "ch_bipoc"
        ]
      }
    },
    {
      "downloaded": true,
      "fileName": "celeste_hearts_bipolar.gif",
      "emoji": {
        "name": "celeste_hearts_bipolar",
        "category": "celeste_hearts",
        "aliases": [
          "ch_bipolar"
        ]
      }
    },
    {
      "downloaded": true,
      "fileName": "celeste_hearts_bisexual.gif",
      "emoji": {
        "name": "celeste_hearts_bisexual",
        "category": "celeste_hearts",
        "aliases": [
          "ch_bisexual"
        ]
      }
    },
    {
      "downloaded": true,
      "fileName": "celeste_hearts_black_trans.gif",
      "emoji": {
        "name": "celeste_hearts_black_trans",
        "category": "celeste_hearts",
        "aliases": [
          "ch_black_trans"
        ]
      }
    },
    {
      "downloaded": true,
      "fileName": "celeste_hearts_boygirl.gif",
      "emoji": {
        "name": "celeste_hearts_boygirl",
        "category": "celeste_hearts",
        "aliases": [
          "ch_boygirl"
        ]
      }
    },
    {
      "downloaded": true,
      "fileName": "celeste_hearts_bpd.gif",
      "emoji": {
        "name": "celeste_hearts_bpd",
        "category": "celeste_hearts",
        "aliases": [
          "ch_bpd"
        ]
      }
    },
    {
      "downloaded": true,
      "fileName": "celeste_hearts_c_ptsd.gif",
      "emoji": {
        "name": "celeste_hearts_c_ptsd",
        "category": "celeste_hearts",
        "aliases": [
          "ch_c_ptsd"
        ]
      }
    },
    {
      "downloaded": true,
      "fileName": "celeste_hearts_catgender.gif",
      "emoji": {
        "name": "celeste_hearts_catgender",
        "category": "celeste_hearts",
        "aliases": [
          "ch_catgender"
        ]
      }
    },
    {
      "downloaded": true,
      "fileName": "celeste_hearts_debian.gif",
      "emoji": {
        "name": "celeste_hearts_debian",
        "category": "celeste_hearts",
        "aliases": [
          "ch_debian"
        ]
      }
    },
    {
      "downloaded": true,
      "fileName": "celeste_hearts_demiboy.gif",
      "emoji": {
        "name": "celeste_hearts_demiboy",
        "category": "celeste_hearts",
        "aliases": [
          "ch_demiboy"
        ]
      }
    },
    {
      "downloaded": true,
      "fileName": "celeste_hearts_demigender.gif",
      "emoji": {
        "name": "celeste_hearts_demigender",
        "category": "celeste_hearts",
        "aliases": [
          "ch_demigender"
        ]
      }
    },
    {
      "downloaded": true,
      "fileName": "celeste_hearts_demigirl.gif",
      "emoji": {
        "name": "celeste_hearts_demigirl",
        "category": "celeste_hearts",
        "aliases": [
          "ch_demigirl"
        ]
      }
    },
    {
      "downloaded": true,
      "fileName": "celeste_hearts_demiromantic.gif",
      "emoji": {
        "name": "celeste_hearts_demiromantic",
        "category": "celeste_hearts",
        "aliases": [
          "ch_demiromantic"
        ]
      }
    },
    {
      "downloaded": true,
      "fileName": "celeste_hearts_demisexual.gif",
      "emoji": {
        "name": "celeste_hearts_demisexual",
        "category": "celeste_hearts",
        "aliases": [
          "ch_demisexual"
        ]
      }
    },
    {
      "downloaded": true,
      "fileName": "celeste_hearts_depression.gif",
      "emoji": {
        "name": "celeste_hearts_depression",
        "category": "celeste_hearts",
        "aliases": [
          "ch_depression"
        ]
      }
    },
    {
      "downloaded": true,
      "fileName": "celeste_hearts_diamoric.gif",
      "emoji": {
        "name": "celeste_hearts_diamoric",
        "category": "celeste_hearts",
        "aliases": [
          "ch_diamoric"
        ]
      }
    },
    {
      "downloaded": true,
      "fileName": "celeste_hearts_did.gif",
      "emoji": {
        "name": "celeste_hearts_did",
        "category": "celeste_hearts",
        "aliases": [
          "ch_did"
        ]
      }
    },
    {
      "downloaded": true,
      "fileName": "celeste_hearts_disability_pride.gif",
      "emoji": {
        "name": "celeste_hearts_disability_pride",
        "category": "celeste_hearts",
        "aliases": [
          "ch_disability_pride"
        ]
      }
    },
    {
      "downloaded": true,
      "fileName": "celeste_hearts_dpdr.gif",
      "emoji": {
        "name": "celeste_hearts_dpdr",
        "category": "celeste_hearts",
        "aliases": [
          "ch_dpdr"
        ]
      }
    },
    {
      "downloaded": true,
      "fileName": "celeste_hearts_enbian.gif",
      "emoji": {
        "name": "celeste_hearts_enbian",
        "category": "celeste_hearts",
        "aliases": [
          "ch_enbian"
        ]
      }
    },
    {
      "downloaded": true,
      "fileName": "celeste_hearts_endogenic.gif",
      "emoji": {
        "name": "celeste_hearts_endogenic",
        "category": "celeste_hearts",
        "aliases": [
          "ch_endogenic"
        ]
      }
    },
    {
      "downloaded": true,
      "fileName": "celeste_hearts_extranth.gif",
      "emoji": {
        "name": "celeste_hearts_extranth",
        "category": "celeste_hearts",
        "aliases": [
          "ch_extranth"
        ]
      }
    },
    {
      "downloaded": true,
      "fileName": "celeste_hearts_factive.gif",
      "emoji": {
        "name": "celeste_hearts_factive",
        "category": "celeste_hearts",
        "aliases": [
          "ch_factive"
        ]
      }
    },
    {
      "downloaded": true,
      "fileName": "celeste_hearts_fedora.gif",
      "emoji": {
        "name": "celeste_hearts_fedora",
        "category": "celeste_hearts",
        "aliases": [
          "ch_fedora"
        ]
      }
    },
    {
      "downloaded": true,
      "fileName": "celeste_hearts_femboy.gif",
      "emoji": {
        "name": "celeste_hearts_femboy",
        "category": "celeste_hearts",
        "aliases": [
          "ch_femboy"
        ]
      }
    },
    {
      "downloaded": true,
      "fileName": "celeste_hearts_fibromyalgia.gif",
      "emoji": {
        "name": "celeste_hearts_fibromyalgia",
        "category": "celeste_hearts",
        "aliases": [
          "ch_fibromyalgia"
        ]
      }
    },
    {
      "downloaded": true,
      "fileName": "celeste_hearts_fictive.gif",
      "emoji": {
        "name": "celeste_hearts_fictive",
        "category": "celeste_hearts",
        "aliases": [
          "ch_fictive"
        ]
      }
    },
    {
      "downloaded": true,
      "fileName": "celeste_hearts_finsexual.gif",
      "emoji": {
        "name": "celeste_hearts_finsexual",
        "category": "celeste_hearts",
        "aliases": [
          "ch_finsexual"
        ]
      }
    },
    {
      "downloaded": true,
      "fileName": "celeste_hearts_freebsd.gif",
      "emoji": {
        "name": "celeste_hearts_freebsd",
        "category": "celeste_hearts",
        "aliases": [
          "ch_freebsd"
        ]
      }
    },
    {
      "downloaded": true,
      "fileName": "celeste_hearts_furry.gif",
      "emoji": {
        "name": "celeste_hearts_furry",
        "category": "celeste_hearts",
        "aliases": [
          "ch_furry"
        ]
      }
    },
    {
      "downloaded": true,
      "fileName": "celeste_hearts_genderfluid.gif",
      "emoji": {
        "name": "celeste_hearts_genderfluid",
        "category": "celeste_hearts",
        "aliases": [
          "ch_genderfluid"
        ]
      }
    },
    {
      "downloaded": true,
      "fileName": "celeste_hearts_genderflux.gif",
      "emoji": {
        "name": "celeste_hearts_genderflux",
        "category": "celeste_hearts",
        "aliases": [
          "ch_genderflux"
        ]
      }
    },
    {
      "downloaded": true,
      "fileName": "celeste_hearts_genderqueer.gif",
      "emoji": {
        "name": "celeste_hearts_genderqueer",
        "category": "celeste_hearts",
        "aliases": [
          "ch_genderqueer"
        ]
      }
    },
    {
      "downloaded": true,
      "fileName": "celeste_hearts_gentoo.gif",
      "emoji": {
        "name": "celeste_hearts_gentoo",
        "category": "celeste_hearts",
        "aliases": [
          "ch_gentoo"
        ]
      }
    },
    {
      "downloaded": true,
      "fileName": "celeste_hearts_greyromantic.gif",
      "emoji": {
        "name": "celeste_hearts_greyromantic",
        "category": "celeste_hearts",
        "aliases": [
          "ch_greyromantic"
        ]
      }
    },
    {
      "downloaded": true,
      "fileName": "celeste_hearts_greysexual.gif",
      "emoji": {
        "name": "celeste_hearts_greysexual",
        "category": "celeste_hearts",
        "aliases": [
          "ch_greysexual"
        ]
      }
    },
    {
      "downloaded": true,
      "fileName": "celeste_hearts_heteroflexible.gif",
      "emoji": {
        "name": "celeste_hearts_heteroflexible",
        "category": "celeste_hearts",
        "aliases": [
          "ch_heteroflexible"
        ]
      }
    },
    {
      "downloaded": true,
      "fileName": "celeste_hearts_homoflexible.gif",
      "emoji": {
        "name": "celeste_hearts_homoflexible",
        "category": "celeste_hearts",
        "aliases": [
          "ch_homoflexible"
        ]
      }
    },
    {
      "downloaded": true,
      "fileName": "celeste_hearts_hpd.gif",
      "emoji": {
        "name": "celeste_hearts_hpd",
        "category": "celeste_hearts",
        "aliases": [
          "ch_hpd"
        ]
      }
    },
    {
      "downloaded": true,
      "fileName": "celeste_hearts_human_non_conforming.gif",
      "emoji": {
        "name": "celeste_hearts_human_non_conforming",
        "category": "celeste_hearts",
        "aliases": [
          "ch_human_non_conforming"
        ]
      }
    },
    {
      "downloaded": true,
      "fileName": "celeste_hearts_intersex.gif",
      "emoji": {
        "name": "celeste_hearts_intersex",
        "category": "celeste_hearts",
        "aliases": [
          "ch_intersex"
        ]
      }
    },
    {
      "downloaded": true,
      "fileName": "celeste_hearts_lesbian.gif",
      "emoji": {
        "name": "celeste_hearts_lesbian",
        "category": "celeste_hearts",
        "aliases": [
          "ch_lesbian"
        ]
      }
    },
    {
      "downloaded": true,
      "fileName": "celeste_hearts_me_cfs.gif",
      "emoji": {
        "name": "celeste_hearts_me_cfs",
        "category": "celeste_hearts",
        "aliases": [
          "ch_me_cfs"
        ]
      }
    },
    {
      "downloaded": true,
      "fileName": "celeste_hearts_median.gif",
      "emoji": {
        "name": "celeste_hearts_median",
        "category": "celeste_hearts",
        "aliases": [
          "ch_median"
        ]
      }
    },
    {
      "downloaded": true,
      "fileName": "celeste_hearts_minsexual.gif",
      "emoji": {
        "name": "celeste_hearts_minsexual",
        "category": "celeste_hearts",
        "aliases": [
          "ch_minsexual"
        ]
      }
    },
    {
      "downloaded": true,
      "fileName": "celeste_hearts_mint.gif",
      "emoji": {
        "name": "celeste_hearts_mint",
        "category": "celeste_hearts",
        "aliases": [
          "ch_mint"
        ]
      }
    },
    {
      "downloaded": true,
      "fileName": "celeste_hearts_mlm.gif",
      "emoji": {
        "name": "celeste_hearts_mlm",
        "category": "celeste_hearts",
        "aliases": [
          "ch_mlm",
          "celeste_hearts_gay",
          "ch_gay"
        ]
      }
    },
    {
      "downloaded": true,
      "fileName": "celeste_hearts_neurogender.gif",
      "emoji": {
        "name": "celeste_hearts_neurogender",
        "category": "celeste_hearts",
        "aliases": [
          "ch_neurogender"
        ]
      }
    },
    {
      "downloaded": true,
      "fileName": "celeste_hearts_ninsexual.gif",
      "emoji": {
        "name": "celeste_hearts_ninsexual",
        "category": "celeste_hearts",
        "aliases": [
          "ch_ninsexual"
        ]
      }
    },
    {
      "downloaded": true,
      "fileName": "celeste_hearts_nixos.gif",
      "emoji": {
        "name": "celeste_hearts_nixos",
        "category": "celeste_hearts",
        "aliases": [
          "ch_nixos"
        ]
      }
    },
    {
      "downloaded": true,
      "fileName": "celeste_hearts_non_binary.gif",
      "emoji": {
        "name": "celeste_hearts_non_binary",
        "category": "celeste_hearts",
        "aliases": [
          "ch_non_binary",
          "celeste_hearts_nonbinary",
          "celeste_hearts_enby",
          "ch_nonbinary",
          "ch_enby"
        ]
      }
    },
    {
      "downloaded": true,
      "fileName": "celeste_hearts_npd.gif",
      "emoji": {
        "name": "celeste_hearts_npd",
        "category": "celeste_hearts",
        "aliases": [
          "ch_npd"
        ]
      }
    },
    {
      "downloaded": true,
      "fileName": "celeste_hearts_ocd.gif",
      "emoji": {
        "name": "celeste_hearts_ocd",
        "category": "celeste_hearts",
        "aliases": [
          "ch_ocd"
        ]
      }
    },
    {
      "downloaded": true,
      "fileName": "celeste_hearts_omnisexual.gif",
      "emoji": {
        "name": "celeste_hearts_omnisexual",
        "category": "celeste_hearts",
        "aliases": [
          "ch_omnisexual"
        ]
      }
    },
    {
      "downloaded": true,
      "fileName": "celeste_hearts_osdd_1a.gif",
      "emoji": {
        "name": "celeste_hearts_osdd_1a",
        "category": "celeste_hearts",
        "aliases": [
          "ch_osdd_1a"
        ]
      }
    },
    {
      "downloaded": true,
      "fileName": "celeste_hearts_osdd_1b.gif",
      "emoji": {
        "name": "celeste_hearts_osdd_1b",
        "category": "celeste_hearts",
        "aliases": [
          "ch_osdd_1b"
        ]
      }
    },
    {
      "downloaded": true,
      "fileName": "celeste_hearts_otherkin.gif",
      "emoji": {
        "name": "celeste_hearts_otherkin",
        "category": "celeste_hearts",
        "aliases": [
          "ch_otherkin"
        ]
      }
    },
    {
      "downloaded": true,
      "fileName": "celeste_hearts_otter.gif",
      "emoji": {
        "name": "celeste_hearts_otter",
        "category": "celeste_hearts",
        "aliases": [
          "ch_otter"
        ]
      }
    },
    {
      "downloaded": true,
      "fileName": "celeste_hearts_p_did.gif",
      "emoji": {
        "name": "celeste_hearts_p_did",
        "category": "celeste_hearts",
        "aliases": [
          "ch_p_did"
        ]
      }
    },
    {
      "downloaded": true,
      "fileName": "celeste_hearts_pansexual.gif",
      "emoji": {
        "name": "celeste_hearts_pansexual",
        "category": "celeste_hearts",
        "aliases": [
          "ch_pansexual"
        ]
      }
    },
    {
      "downloaded": true,
      "fileName": "celeste_hearts_plural.gif",
      "emoji": {
        "name": "celeste_hearts_plural",
        "category": "celeste_hearts",
        "aliases": [
          "ch_plural"
        ]
      }
    },
    {
      "downloaded": true,
      "fileName": "celeste_hearts_polyamorous.gif",
      "emoji": {
        "name": "celeste_hearts_polyamorous",
        "category": "celeste_hearts",
        "aliases": [
          "ch_polyamorous"
        ]
      }
    },
    {
      "downloaded": true,
      "fileName": "celeste_hearts_polyfragmented.gif",
      "emoji": {
        "name": "celeste_hearts_polyfragmented",
        "category": "celeste_hearts",
        "aliases": [
          "ch_polyfragmented"
        ]
      }
    },
    {
      "downloaded": true,
      "fileName": "celeste_hearts_progress_pride.gif",
      "emoji": {
        "name": "celeste_hearts_progress_pride",
        "category": "celeste_hearts",
        "aliases": [
          "ch_progress_pride"
        ]
      }
    },
    {
      "downloaded": true,
      "fileName": "celeste_hearts_ptsd.gif",
      "emoji": {
        "name": "celeste_hearts_ptsd",
        "category": "celeste_hearts",
        "aliases": [
          "ch_ptsd"
        ]
      }
    },
    {
      "downloaded": true,
      "fileName": "celeste_hearts_queer.gif",
      "emoji": {
        "name": "celeste_hearts_queer",
        "category": "celeste_hearts",
        "aliases": [
          "ch_queer"
        ]
      }
    },
    {
      "downloaded": true,
      "fileName": "celeste_hearts_queerplatonic.gif",
      "emoji": {
        "name": "celeste_hearts_queerplatonic",
        "category": "celeste_hearts",
        "aliases": [
          "ch_queerplatonic"
        ]
      }
    },
    {
      "downloaded": true,
      "fileName": "celeste_hearts_quoigenic.gif",
      "emoji": {
        "name": "celeste_hearts_quoigenic",
        "category": "celeste_hearts",
        "aliases": [
          "ch_quoigenic"
        ]
      }
    },
    {
      "downloaded": true,
      "fileName": "celeste_hearts_salmacian.gif",
      "emoji": {
        "name": "celeste_hearts_salmacian",
        "category": "celeste_hearts",
        "aliases": [
          "ch_salmacian"
        ]
      }
    },
    {
      "downloaded": true,
      "fileName": "celeste_hearts_sapphic.gif",
      "emoji": {
        "name": "celeste_hearts_sapphic",
        "category": "celeste_hearts",
        "aliases": [
          "ch_sapphic"
        ]
      }
    },
    {
      "downloaded": true,
      "fileName": "celeste_hearts_schizophrenia.gif",
      "emoji": {
        "name": "celeste_hearts_schizophrenia",
        "category": "celeste_hearts",
        "aliases": [
          "ch_schizophrenia"
        ]
      }
    },
    {
      "downloaded": true,
      "fileName": "celeste_hearts_steamos.gif",
      "emoji": {
        "name": "celeste_hearts_steamos",
        "category": "celeste_hearts",
        "aliases": [
          "ch_steamos"
        ]
      }
    },
    {
      "downloaded": true,
      "fileName": "celeste_hearts_system4system.gif",
      "emoji": {
        "name": "celeste_hearts_system4system",
        "category": "celeste_hearts",
        "aliases": [
          "ch_system4system"
        ]
      }
    },
    {
      "downloaded": true,
      "fileName": "celeste_hearts_systemfluid.gif",
      "emoji": {
        "name": "celeste_hearts_systemfluid",
        "category": "celeste_hearts",
        "aliases": [
          "ch_systemfluid"
        ]
      }
    },
    {
      "downloaded": true,
      "fileName": "celeste_hearts_t4t.gif",
      "emoji": {
        "name": "celeste_hearts_t4t",
        "category": "celeste_hearts",
        "aliases": [
          "ch_t4t"
        ]
      }
    },
    {
      "downloaded": true,
      "fileName": "celeste_hearts_therian.gif",
      "emoji": {
        "name": "celeste_hearts_therian",
        "category": "celeste_hearts",
        "aliases": [
          "ch_therian"
        ]
      }
    },
    {
      "downloaded": true,
      "fileName": "celeste_hearts_tomboy.gif",
      "emoji": {
        "name": "celeste_hearts_tomboy",
        "category": "celeste_hearts",
        "aliases": [
          "ch_tomboy"
        ]
      }
    },
    {
      "downloaded": true,
      "fileName": "celeste_hearts_trans.gif",
      "emoji": {
        "name": "celeste_hearts_trans",
        "category": "celeste_hearts",
        "aliases": [
          "ch_trans"
        ]
      }
    },
    {
      "downloaded": true,
      "fileName": "celeste_hearts_transfem_alt.gif",
      "emoji": {
        "name": "celeste_hearts_transfem_alt",
        "category": "celeste_hearts",
        "aliases": [
          "ch_transfem_alt"
        ]
      }
    },
    {
      "downloaded": true,
      "fileName": "celeste_hearts_transfem.gif",
      "emoji": {
        "name": "celeste_hearts_transfem",
        "category": "celeste_hearts",
        "aliases": [
          "ch_transfem"
        ]
      }
    },
    {
      "downloaded": true,
      "fileName": "celeste_hearts_transmasc_alt.gif",
      "emoji": {
        "name": "celeste_hearts_transmasc_alt",
        "category": "celeste_hearts",
        "aliases": [
          "ch_transmasc_alt"
        ]
      }
    },
    {
      "downloaded": true,
      "fileName": "celeste_hearts_transmasc.gif",
      "emoji": {
        "name": "celeste_hearts_transmasc",
        "category": "celeste_hearts",
        "aliases": [
          "ch_transmasc"
        ]
      }
    },
    {
      "downloaded": true,
      "fileName": "celeste_hearts_transneutral_alt.gif",
      "emoji": {
        "name": "celeste_hearts_transneutral_alt",
        "category": "celeste_hearts",
        "aliases": [
          "ch_transneutral_alt"
        ]
      }
    },
    {
      "downloaded": true,
      "fileName": "celeste_hearts_transneutral.gif",
      "emoji": {
        "name": "celeste_hearts_transneutral",
        "category": "celeste_hearts",
        "aliases": [
          "ch_transneutral"
        ]
      }
    },
    {
      "downloaded": true,
      "fileName": "celeste_hearts_traumagenic.gif",
      "emoji": {
        "name": "celeste_hearts_traumagenic",
        "category": "celeste_hearts",
        "aliases": [
          "ch_traumagenic"
        ]
      }
    },
    {
      "downloaded": true,
      "fileName": "celeste_hearts_twink.gif",
      "emoji": {
        "name": "celeste_hearts_twink",
        "category": "celeste_hearts",
        "aliases": [
          "ch_twink"
        ]
      }
    },
    {
      "downloaded": true,
      "fileName": "celeste_hearts_two_spirit.gif",
      "emoji": {
        "name": "celeste_hearts_two_spirit",
        "category": "celeste_hearts",
        "aliases": [
          "ch_two_spirit"
        ]
      }
    },
    {
      "downloaded": true,
      "fileName": "celeste_hearts_udd.gif",
      "emoji": {
        "name": "celeste_hearts_udd",
        "category": "celeste_hearts",
        "aliases": [
          "ch_udd"
        ]
      }
    },
    {
      "downloaded": true,
      "fileName": "celeste_hearts_void.gif",
      "emoji": {
        "name": "celeste_hearts_void",
        "category": "celeste_hearts",
        "aliases": [
          "ch_void"
        ]
      }
    },
    {
      "downloaded": true,
      "fileName": "celeste_hearts_voidpunk.gif",
      "emoji": {
        "name": "celeste_hearts_voidpunk",
        "category": "celeste_hearts",
        "aliases": [
          "ch_voidpunk"
        ]
      }
    },
    {
      "downloaded": true,
      "fileName": "celeste_hearts_xenogender.gif",
      "emoji": {
        "name": "celeste_hearts_xenogender",
        "category": "celeste_hearts",
        "aliases": [
          "ch_xenogender"
        ]
      }
    }
  ]
}